listing_id,total_bookings,min_stay,max_stay,avg_stay,long_stay,short_stay
30419466,19,4,6,4.84,0,19
49982681,4,6,8,7.0,3,1
48800718,15,2,4,2.87,0,15
1101264403993187936,2,5,5,5.0,0,2
883790710439607743,7,4,5,4.57,0,7
29486125,2,2,5,3.5,0,2
50985153,4,1,3,1.75,0,4
742585027803839041,1,3,3,3.0,0,1
3381733,1,5,5,5.0,0,1
38478854,36,1,5,3.14,0,36
40031317,21,8,12,10.0,21,0
22709327,1,2,2,2.0,0,1
605064837578458365,6,1,2,1.33,0,6
1214688479734190840,0,0,0,0.0,0,0
1138123923046644928,0,0,0,0.0,0,0
895788852157452667,3,7,11,8.33,3,0
1152867947494186366,0,0,0,0.0,0,0
19449044,11,1,4,2.91,0,11
620700916585446246,1,3,3,3.0,0,1
31559082,0,0,0,0.0,0,0
43733075,0,0,0,0.0,0,0
1003617082063348177,1,8,8,8.0,1,0
1241285021917918430,2,7,8,7.5,2,0
634711312942741561,0,0,0,0.0,0,0
1222977793777607863,1,5,5,5.0,0,1
932262411113568699,0,0,0,0.0,0,0
47151303,0,0,0,0.0,0,0
54044659,2,9,9,9.0,2,0
53018205,8,4,10,8.62,6,2
956487210340385559,0,0,0,0.0,0,0
27686070,2,3,4,3.5,0,2
805064284010029400,0,0,0,0.0,0,0
880174811750652416,1,11,11,11.0,1,0
1277289951213508405,0,0,0,0.0,0,0
1268607785970214070,1,2,2,2.0,0,1
12476660,34,1,4,2.09,0,34
761494867638730048,3,5,5,5.0,0,3
1113595680804419661,1,3,3,3.0,0,1
1229640425509357438,2,2,2,2.0,0,2
1197922389757250528,0,0,0,0.0,0,0
883230249253480392,0,0,0,0.0,0,0
40581778,0,0,0,0.0,0,0
1050719786556127642,0,0,0,0.0,0,0
37455416,1,1,1,1.0,0,1
670297418612258776,1,10,10,10.0,1,0
1145343321832064175,1,3,3,3.0,0,1
1093960242685875609,1,8,8,8.0,1,0
977489660444469734,0,0,0,0.0,0,0
894555049970532866,0,0,0,0.0,0,0
565104115899810538,13,4,11,9.08,12,1
711196981238755395,13,1,3,1.69,0,13
555790658292043320,6,3,6,4.0,0,6
610942961983571472,0,0,0,0.0,0,0
34954638,20,2,7,4.65,1,19
675779686849965797,4,6,8,7.5,3,1
1041863288021821026,1,7,7,7.0,1,0
1152637941228082005,1,4,4,4.0,0,1
1041842569863354962,0,0,0,0.0,0,0
33735501,4,3,6,4.25,0,4
1179478292563934064,1,7,7,7.0,1,0
609066219943041702,0,0,0,0.0,0,0
878803973868247854,11,3,7,5.09,2,9
22029941,12,4,6,5.17,0,12
1128845711832259744,1,1,1,1.0,0,1
35362490,9,2,7,5.44,2,7
982589521042598757,12,6,11,9.33,11,1
828760151345522705,0,0,0,0.0,0,0
659121592529948887,2,1,1,1.0,0,2
1109975566325141437,0,0,0,0.0,0,0
1287487599808461380,0,0,0,0.0,0,0
1220961452251597378,0,0,0,0.0,0,0
1000556407875706717,2,1,1,1.0,0,2
1164957994350715954,0,0,0,0.0,0,0
623087910430448265,17,2,12,8.65,14,3
978848523645028635,1,5,5,5.0,0,1
1293246972926360355,0,0,0,0.0,0,0
1267584766378745778,0,0,0,0.0,0,0
1038849729279227110,2,4,6,5.0,0,2
1291402211152714839,0,0,0,0.0,0,0
615020132939764124,1,8,8,8.0,1,0
1189115861235107749,3,5,7,6.0,1,2
45458791,13,5,12,8.38,12,1
865926873651491377,3,9,10,9.67,3,0
941218514733066030,0,0,0,0.0,0,0
45701033,7,5,9,6.86,5,2
1055726894015646237,2,2,3,2.5,0,2
41515048,2,5,5,5.0,0,2
17101617,32,2,12,9.5,30,2
1096991827128366415,2,9,10,9.5,2,0
1315209774699395887,0,0,0,0.0,0,0
34564785,6,5,7,6.5,4,2
1158042075785306691,2,2,2,2.0,0,2
1314402373171372829,0,0,0,0.0,0,0
31943647,9,8,12,9.56,9,0
1290525938950030290,0,0,0,0.0,0,0
608558848441475441,2,2,3,2.5,0,2
18067139,5,1,3,2.0,0,5
635218357668877469,0,0,0,0.0,0,0
968872077257137166,0,0,0,0.0,0,0
31139423,2,5,5,5.0,0,2
1078855416007401273,7,4,6,5.14,0,7
30284619,30,2,8,4.57,1,29
1201246867955983697,0,0,0,0.0,0,0
952805591935728854,1,4,4,4.0,0,1
1050454701399138795,0,0,0,0.0,0,0
6618384,19,3,6,4.53,0,19
53266554,0,0,0,0.0,0,0
709960,16,2,5,3.94,0,16
42110474,7,6,9,7.43,6,1
53352217,1,1,1,1.0,0,1
1112607741955674096,6,1,4,2.0,0,6
1149461496879652790,4,5,6,5.75,0,4
50449381,0,0,0,0.0,0,0
1077990738386565174,3,5,5,5.0,0,3
1315003960005177485,0,0,0,0.0,0,0
1306669397814627888,0,0,0,0.0,0,0
943250351257958954,3,1,3,1.67,0,3
1038285062510806238,2,8,9,8.5,2,0
853365366276480432,2,8,10,9.0,2,0
663501471409694981,3,2,4,3.33,0,3
30628615,12,3,12,8.83,10,2
965647411396441910,1,9,9,9.0,1,0
1284738038969730859,0,0,0,0.0,0,0
25229654,44,4,12,9.7,41,3
53558313,13,3,7,4.69,1,12
1098663082934243391,1,5,5,5.0,0,1
548370148172504656,17,7,12,10.0,17,0
660967635167150033,5,6,8,7.2,4,1
1301447151914395846,0,0,0,0.0,0,0
1058648542451034201,4,10,11,10.25,4,0
1091321373549464258,1,4,4,4.0,0,1
644542328236752738,7,4,6,4.86,0,7
1076081076844908761,3,8,10,9.0,3,0
962891240606772994,0,0,0,0.0,0,0
822372192213507066,2,3,5,4.0,0,2
1304222749240200196,0,0,0,0.0,0,0
1241237145681656637,0,0,0,0.0,0,0
3179431,0,0,0,0.0,0,0
781774134616170470,3,6,7,6.67,2,1
913118731309066306,2,2,8,5.0,1,1
990904405436631485,8,7,10,8.12,8,0
1296239243370503349,0,0,0,0.0,0,0
1044837847724609002,4,5,8,6.25,2,2
25926090,7,7,9,8.0,7,0
689669077356165635,12,3,6,4.67,0,12
1139778669004735336,2,5,5,5.0,0,2
43732669,0,0,0,0.0,0,0
24258225,18,2,11,9.06,16,2
20554986,55,2,9,6.78,38,17
9486927,1,1,1,1.0,0,1
4209759,27,1,4,2.04,0,27
1100545483516217068,0,0,0,0.0,0,0
44227542,0,0,0,0.0,0,0
573728280265159986,2,4,5,4.5,0,2
890571106236733855,5,4,5,4.2,0,5
1240470201557716164,0,0,0,0.0,0,0
484925,58,3,7,4.9,2,56
1114305017151493613,0,0,0,0.0,0,0
946872812403336595,0,0,0,0.0,0,0
1234911505944178297,0,0,0,0.0,0,0
541153997309934143,4,7,9,7.75,4,0
841032681336128579,0,0,0,0.0,0,0
935245054966198979,0,0,0,0.0,0,0
1091017509917933466,0,0,0,0.0,0,0
1238244313927750182,0,0,0,0.0,0,0
581164641969060133,7,6,11,9.71,6,1
1181713574544946988,0,0,0,0.0,0,0
17596402,2,6,8,7.0,1,1
1170891289937620758,0,0,0,0.0,0,0
47928964,3,3,6,4.33,0,3
1191451333907232097,0,0,0,0.0,0,0
920273263526551003,7,4,7,5.71,2,5
1153342994028410848,1,9,9,9.0,1,0
43073627,7,3,5,4.29,0,7
16227154,15,1,5,3.4,0,15
1129821694485262612,2,5,5,5.0,0,2
38289234,3,9,10,9.67,3,0
948984329231137196,0,0,0,0.0,0,0
920228491946153919,1,2,2,2.0,0,1
1179593867578037331,1,6,6,6.0,0,1
22313159,16,4,8,6.81,9,7
49744525,14,8,10,9.5,14,0
949182420948500241,8,1,3,2.0,0,8
1127996407354657834,3,4,5,4.67,0,3
1091090069515005078,0,0,0,0.0,0,0
33718630,32,1,5,3.0,0,32
786861183516431315,0,0,0,0.0,0,0
33739154,20,8,11,10.2,20,0
1104235293249893353,4,6,8,6.75,2,2
932557963960261070,2,9,11,10.0,2,0
861440371665767611,2,7,10,8.5,2,0
12993828,10,3,12,8.9,8,2
856939102785843515,4,2,3,2.5,0,4
39430632,0,0,0,0.0,0,0
819219651367843199,3,2,3,2.67,0,3
22510354,27,3,12,9.56,25,2
1158024380407958695,4,3,4,3.75,0,4
894071304436386833,0,0,0,0.0,0,0
862897505768806913,0,0,0,0.0,0,0
18923001,2,2,3,2.5,0,2
5025556,66,2,13,9.65,60,6
709813775490055589,1,3,3,3.0,0,1
51057469,18,7,10,8.22,18,0
1110151105606473869,1,4,4,4.0,0,1
821667691136647000,9,2,4,2.33,0,9
38013373,11,2,4,2.73,0,11
1282425824565787125,0,0,0,0.0,0,0
651280501155876528,0,0,0,0.0,0,0
1067654502331271983,0,0,0,0.0,0,0
41416459,2,3,4,3.5,0,2
1290708067866228785,0,0,0,0.0,0,0
16450987,19,7,12,9.74,19,0
752582141324644678,12,2,6,4.5,0,12
54123879,25,2,6,3.28,0,25
21352124,8,1,3,1.75,0,8
927200116874621338,0,0,0,0.0,0,0
3461034,0,0,0,0.0,0,0
28420430,19,1,4,2.32,0,19
876815278812635962,2,7,7,7.0,2,0
830236524558670842,2,2,4,3.0,0,2
16141034,4,8,9,8.5,4,0
1225243987500385414,0,0,0,0.0,0,0
1274960091516624629,0,0,0,0.0,0,0
17354554,3,7,9,8.0,3,0
1118002302211252467,6,6,9,7.83,5,1
1061520828842298416,1,1,1,1.0,0,1
1218027360514018639,0,0,0,0.0,0,0
50010098,18,2,5,2.94,0,18
40756424,3,4,6,5.0,0,3
28747890,7,2,5,4.29,0,7
648476141133062804,4,8,10,9.0,4,0
26237805,10,7,11,9.5,10,0
938938205959816785,0,0,0,0.0,0,0
50369590,9,9,12,10.0,9,0
1219418712467353066,0,0,0,0.0,0,0
1194048325711257461,2,1,3,2.0,0,2
1259272862405425261,0,0,0,0.0,0,0
25010225,5,2,4,3.0,0,5
1113139811165158301,0,0,0,0.0,0,0
37868738,11,2,6,3.64,0,11
29304549,2,2,4,3.0,0,2
915938901893274485,0,0,0,0.0,0,0
680899049820393149,3,10,11,10.67,3,0
1044776572808495956,2,5,6,5.5,0,2
48769234,22,1,4,2.0,0,22
28829760,2,1,2,1.5,0,2
5744553,15,5,9,7.33,12,3
34963176,5,1,3,2.2,0,5
23542773,28,2,7,4.5,1,27
822203501771844157,0,0,0,0.0,0,0
1036864297877170981,0,0,0,0.0,0,0
1251947895229452703,0,0,0,0.0,0,0
939026538666146661,0,0,0,0.0,0,0
23427054,24,3,8,5.17,2,22
908255434526973364,5,4,12,8.2,3,2
49900278,14,1,3,1.5,0,14
25415187,2,4,5,4.5,0,2
1158681840940094995,0,0,0,0.0,0,0
1215917323543720415,0,0,0,0.0,0,0
1151250496520585583,1,11,11,11.0,1,0
737387045127698688,6,4,7,5.33,1,5
12477603,17,1,3,1.53,0,17
49282017,25,3,9,6.88,17,8
937405220904000327,8,4,8,6.25,4,4
1019447185706780422,4,1,2,1.75,0,4
34711274,10,7,9,7.7,10,0
563441396565504532,10,3,11,9.4,9,1
1299197842044782600,0,0,0,0.0,0,0
885900915068651649,3,4,5,4.33,0,3
1166556525926598713,0,0,0,0.0,0,0
1128286214254100492,0,0,0,0.0,0,0
875937619594239661,2,9,9,9.0,2,0
1112611348031756767,3,1,4,2.67,0,3
50770678,1,9,9,9.0,1,0
3402831,20,4,7,5.1,1,19
46464310,3,6,8,7.0,2,1
1160340067271242999,0,0,0,0.0,0,0
21409351,9,4,10,7.78,8,1
1284768366751609810,2,9,9,9.0,2,0
1296433786371292668,0,0,0,0.0,0,0
1302331113368038040,0,0,0,0.0,0,0
49489,13,1,4,1.92,0,13
707616905923451853,7,10,11,10.43,7,0
1065040966370168868,0,0,0,0.0,0,0
862106477215178965,0,0,0,0.0,0,0
1309378249408619678,0,0,0,0.0,0,0
36337859,21,2,5,2.9,0,21
1297138186492518253,0,0,0,0.0,0,0
34732780,0,0,0,0.0,0,0
1244064644057111874,1,5,5,5.0,0,1
643269627172797439,0,0,0,0.0,0,0
40357568,12,3,8,5.08,2,10
1055610434212477553,1,9,9,9.0,1,0
955078312119002234,0,0,0,0.0,0,0
1165696232935184482,1,9,9,9.0,1,0
958603779202693970,0,0,0,0.0,0,0
1103540325652511116,1,10,10,10.0,1,0
36816172,0,0,0,0.0,0,0
40551167,3,3,4,3.67,0,3
39544001,1,5,5,5.0,0,1
888152768433556728,1,6,6,6.0,0,1
917878953015546902,0,0,0,0.0,0,0
1262051265580210011,0,0,0,0.0,0,0
1241815109175035538,2,6,7,6.5,1,1
619998276996002677,11,2,4,2.91,0,11
22522464,6,9,11,10.17,6,0
1259384410296128578,0,0,0,0.0,0,0
594018356505047871,14,1,4,2.29,0,14
1170827080698760253,0,0,0,0.0,0,0
52747104,0,0,0,0.0,0,0
782663018635688779,15,2,12,9.2,13,2
1310851274808483870,0,0,0,0.0,0,0
1217856888316367906,0,0,0,0.0,0,0
809909633663141859,0,0,0,0.0,0,0
19385911,27,7,12,9.63,27,0
1117914161603328579,2,7,9,8.0,2,0
1158514742975952931,0,0,0,0.0,0,0
883992439274753568,4,9,11,10.25,4,0
807005730464446228,7,7,8,7.29,7,0
1166416048385708304,0,0,0,0.0,0,0
1085277123013984398,0,0,0,0.0,0,0
52816453,4,8,10,8.75,4,0
834499115652462219,6,6,8,6.83,4,2
1146379369766299000,1,1,1,1.0,0,1
922223082884509543,1,9,9,9.0,1,0
53846650,1,3,3,3.0,0,1
5952349,26,5,9,7.04,18,8
1136130284821015846,6,8,12,10.0,6,0
922344350759947255,0,0,0,0.0,0,0
47040329,0,0,0,0.0,0,0
36382465,14,9,11,9.71,14,0
1070872807812502944,2,3,3,3.0,0,2
823169317061848109,0,0,0,0.0,0,0
44046043,0,0,0,0.0,0,0
1233873581693526805,1,3,3,3.0,0,1
932523729152773826,0,0,0,0.0,0,0
1048396861712941681,0,0,0,0.0,0,0
36224715,2,2,4,3.0,0,2
905656138890298201,0,0,0,0.0,0,0
960550407100147792,1,2,2,2.0,0,1
1310291728478146821,0,0,0,0.0,0,0
1090434909637798541,4,4,9,6.75,2,2
1119042878645751182,1,3,3,3.0,0,1
681790398084477469,8,8,10,8.75,8,0
1208096878759999100,0,0,0,0.0,0,0
872280667344854386,5,6,7,6.6,3,2
974358033696446031,0,0,0,0.0,0,0
917863112795908399,2,4,8,6.0,1,1
27944589,4,3,6,3.75,0,4
1016393806535985933,3,3,7,5.67,2,1
1158447346087437960,0,0,0,0.0,0,0
1175866136709384511,1,4,4,4.0,0,1
683897652572473666,5,8,11,10.2,5,0
36718117,0,0,0,0.0,0,0
832448724797727941,5,4,5,4.6,0,5
14570831,6,1,4,2.83,0,6
751932273776663857,0,0,0,0.0,0,0
1310594912446931913,0,0,0,0.0,0,0
1072217588093276065,9,5,9,7.56,8,1
23442372,9,2,5,3.33,0,9
13044632,8,3,6,5.38,0,8
1188930178994374539,0,0,0,0.0,0,0
1118069666056335199,2,7,8,7.5,2,0
8982912,12,2,5,2.92,0,12
1033206158902853371,0,0,0,0.0,0,0
31820135,1,8,8,8.0,1,0
33993380,5,7,9,8.2,5,0
36960778,14,9,12,10.0,14,0
40536919,0,0,0,0.0,0,0
751218822218455762,1,1,1,1.0,0,1
928984487323027478,1,7,7,7.0,1,0
6233675,24,4,9,7.17,18,6
949919705087959681,9,4,8,4.89,1,8
958110624648491836,1,1,1,1.0,0,1
35102393,1,1,1,1.0,0,1
880887652781215171,2,7,8,7.5,2,0
51835539,0,0,0,0.0,0,0
895378141733020628,0,0,0,0.0,0,0
6194899,1,9,9,9.0,1,0
822209077342924009,0,0,0,0.0,0,0
832342802892778141,3,8,10,9.0,3,0
1173799662869436466,0,0,0,0.0,0,0
52180855,2,7,8,7.5,2,0
1163024018680403776,0,0,0,0.0,0,0
826866856115917067,0,0,0,0.0,0,0
776030941666427506,3,3,6,5.0,0,3
12913295,56,3,13,9.64,53,3
1307894248375592448,0,0,0,0.0,0,0
34144863,0,0,0,0.0,0,0
1016590172459960269,5,1,2,1.6,0,5
863432728847182855,2,5,6,5.5,0,2
667272412991653370,5,2,4,3.0,0,5
34469805,10,2,12,9.1,9,1
1023609333765051290,0,0,0,0.0,0,0
938455415950273103,0,0,0,0.0,0,0
26405010,19,1,4,2.74,0,19
1185306269486678577,0,0,0,0.0,0,0
50460186,5,4,7,5.8,2,3
28174042,26,3,6,4.81,0,26
607197403644732330,3,4,5,4.67,0,3
1275218387938195487,0,0,0,0.0,0,0
17860716,30,2,8,4.67,2,28
896382222557717376,8,9,11,10.0,8,0
996095177235424359,3,9,11,9.67,3,0
32634089,22,1,3,1.45,0,22
17728900,0,0,0,0.0,0,0
34676730,0,0,0,0.0,0,0
1308580637374854260,0,0,0,0.0,0,0
643925921045811536,3,8,9,8.67,3,0
42396013,4,1,4,2.0,0,4
1156225162659418436,0,0,0,0.0,0,0
1280984346245689607,0,0,0,0.0,0,0
910537056550038443,2,2,3,2.5,0,2
1183123614422721587,0,0,0,0.0,0,0
13015874,26,2,10,7.23,19,7
1301490112730918483,0,0,0,0.0,0,0
27621240,43,5,10,8.02,39,4
30548271,2,6,8,7.0,1,1
717079081568562154,14,5,8,6.86,10,4
878863347783288425,4,4,6,5.25,0,4
1199152552346142742,0,0,0,0.0,0,0
23872787,9,3,6,4.44,0,9
34410885,2,9,9,9.0,2,0
50133966,7,4,6,5.0,0,7
48911040,7,4,6,4.86,0,7
54155868,14,3,6,4.79,0,14
943434605907578608,6,4,7,5.17,1,5
21672268,15,6,8,6.67,7,8
32962478,11,2,6,3.91,0,11
1167968487666911821,0,0,0,0.0,0,0
777321194921126591,1,6,6,6.0,0,1
907783537173514387,0,0,0,0.0,0,0
967109203194146137,4,8,12,10.25,4,0
49834666,8,3,6,5.38,0,8
1254453286409846182,0,0,0,0.0,0,0
8913269,0,0,0,0.0,0,0
935253508121513340,0,0,0,0.0,0,0
1125153974625995777,1,5,5,5.0,0,1
1304332143963133293,0,0,0,0.0,0,0
1278322299686332615,0,0,0,0.0,0,0
26101647,0,0,0,0.0,0,0
1104276159802700579,2,10,11,10.5,2,0
1141167791846549383,0,0,0,0.0,0,0
906242304280664683,0,0,0,0.0,0,0
1140389618177298918,3,2,10,7.0,2,1
646361461206734137,1,6,6,6.0,0,1
903435209389771202,2,8,8,8.0,2,0
1102074395305183535,1,3,3,3.0,0,1
23727844,15,2,6,4.33,0,15
1303526945831810524,0,0,0,0.0,0,0
602109397639851883,6,1,3,1.83,0,6
633934383272816817,6,2,3,2.83,0,6
1274398810238739965,0,0,0,0.0,0,0
22651452,4,5,9,7.0,2,2
51277464,0,0,0,0.0,0,0
50334641,3,3,4,3.33,0,3
24903281,8,4,8,4.88,1,7
1084733197946344780,0,0,0,0.0,0,0
1060638963323129102,1,7,7,7.0,1,0
1316730890075950430,0,0,0,0.0,0,0
20874390,5,2,4,3.0,0,5
1162101810425295598,0,0,0,0.0,0,0
1165843375395883856,0,0,0,0.0,0,0
25159034,0,0,0,0.0,0,0
1188997336661168815,0,0,0,0.0,0,0
1139832104952044944,4,7,11,9.0,4,0
1257061548016541357,0,0,0,0.0,0,0
1167342855061246832,0,0,0,0.0,0,0
974417574572593084,0,0,0,0.0,0,0
14533431,1,4,4,4.0,0,1
670297361590388273,0,0,0,0.0,0,0
1178211545404571409,3,5,6,5.67,0,3
947432895907699520,1,8,8,8.0,1,0
27385916,1,4,4,4.0,0,1
35222327,6,1,4,2.67,0,6
713715543469249292,1,4,4,4.0,0,1
1169005054133432535,0,0,0,0.0,0,0
26148638,43,5,10,7.63,38,5
655817253317729650,0,0,0,0.0,0,0
1161454454180472885,1,3,3,3.0,0,1
680478196846404039,6,3,6,4.33,0,6
52433777,7,4,6,5.0,0,7
1007002339442962327,3,7,9,7.67,3,0
952544601333090061,0,0,0,0.0,0,0
646553293444854534,4,1,3,2.25,0,4
1080213190692449301,0,0,0,0.0,0,0
1079132322484013934,0,0,0,0.0,0,0
43762537,0,0,0,0.0,0,0
970715113453972859,5,9,11,10.4,5,0
1253425273004471834,0,0,0,0.0,0,0
1017986592229903351,0,0,0,0.0,0,0
1318251942056598277,0,0,0,0.0,0,0
1295105206652320957,0,0,0,0.0,0,0
49790343,1,10,10,10.0,1,0
19292184,13,7,12,9.38,13,0
43146522,0,0,0,0.0,0,0
26021624,21,6,9,7.29,18,3
813739754110949434,3,8,11,9.33,3,0
823748029452747109,1,9,9,9.0,1,0
720160583655075259,1,4,4,4.0,0,1
998484281226924923,4,8,10,9.25,4,0
33816859,2,2,5,3.5,0,2
815749333041973177,0,0,0,0.0,0,0
917454596032108123,2,5,6,5.5,0,2
1020414419946096429,2,2,4,3.0,0,2
50115184,0,0,0,0.0,0,0
931862998911272810,4,4,6,5.25,0,4
839092028852055073,3,1,3,2.0,0,3
30286826,22,7,11,9.91,22,0
1003621663740135964,8,1,5,2.25,0,8
867328749692376017,0,0,0,0.0,0,0
15676953,14,3,8,5.86,7,7
30125320,6,6,8,7.17,5,1
918702429083078821,0,0,0,0.0,0,0
34331863,0,0,0,0.0,0,0
1207360182153090407,0,0,0,0.0,0,0
8026892,42,2,7,4.9,4,38
1004240127567140578,0,0,0,0.0,0,0
1038317641608961678,1,7,7,7.0,1,0
907995934616161000,2,9,9,9.0,2,0
828839812227279217,1,7,7,7.0,1,0
613423430120411514,5,3,9,6.2,3,2
557027450844383080,5,3,6,4.4,0,5
953404124488243977,11,1,4,2.27,0,11
1294275374844350786,0,0,0,0.0,0,0
1219497058341697530,0,0,0,0.0,0,0
34850999,7,2,5,3.57,0,7
36134208,2,1,2,1.5,0,2
802159008355757642,0,0,0,0.0,0,0
560668884236902033,3,3,4,3.67,0,3
26994600,2,7,8,7.5,2,0
655049250506270559,1,1,1,1.0,0,1
35029568,22,1,4,2.36,0,22
1171830134235080275,3,5,7,6.0,1,2
888108199507934961,13,3,6,5.23,0,13
1225973688971551486,3,8,10,9.33,3,0
1044729892274037215,1,3,3,3.0,0,1
1166502749414760922,6,10,11,10.5,6,0
54231324,0,0,0,0.0,0,0
716702569844921570,10,3,6,4.4,0,10
1207904670769444427,0,0,0,0.0,0,0
5943899,12,1,4,3.08,0,12
51336967,4,7,8,7.5,4,0
17580285,57,3,12,9.02,51,6
886639473638839835,0,0,0,0.0,0,0
1106951868561807290,3,8,12,10.0,3,0
1297683606446932604,0,0,0,0.0,0,0
42260632,25,2,7,5.04,1,24
1079000961846715699,7,4,7,4.86,1,6
681984646970779002,0,0,0,0.0,0,0
29402226,3,6,9,7.67,2,1
1201351673220536756,3,10,11,10.33,3,0
1036082901930829498,1,2,2,2.0,0,1
54120992,0,0,0,0.0,0,0
1108423643344546977,1,11,11,11.0,1,0
54220676,4,3,6,5.25,0,4
8247865,7,7,10,8.43,7,0
26272353,12,9,12,10.17,12,0
1470809,0,0,0,0.0,0,0
608219223546617071,13,5,8,6.92,9,4
1014385875413119142,4,3,4,3.25,0,4
10400201,74,1,5,2.99,0,74
1309294301569411676,0,0,0,0.0,0,0
52272917,0,0,0,0.0,0,0
761330594957746156,12,3,7,5.42,2,10
39796446,23,1,5,2.22,0,23
40359997,3,6,7,6.67,2,1
8857122,5,6,8,7.2,3,2
1271955572089807447,0,0,0,0.0,0,0
52874116,0,0,0,0.0,0,0
1175328417738379716,0,0,0,0.0,0,0
1310898555360553656,0,0,0,0.0,0,0
1114405073854565848,1,3,3,3.0,0,1
810914640703399951,2,7,8,7.5,2,0
1152890680433600026,0,0,0,0.0,0,0
1261522446421399108,1,8,8,8.0,1,0
776675813724449774,0,0,0,0.0,0,0
913477100518109543,0,0,0,0.0,0,0
23211401,4,6,9,7.25,3,1
630116653021076022,10,2,7,5.1,1,9
28466748,19,3,7,5.11,2,17
1268687589726327544,1,11,11,11.0,1,0
13414771,16,4,9,6.75,10,6
1198315195716709623,3,9,11,10.33,3,0
849040845882557411,0,0,0,0.0,0,0
45510466,37,3,13,9.92,36,1
1119369124592633588,1,8,8,8.0,1,0
859907678657421955,0,0,0,0.0,0,0
1103715244172552043,1,7,7,7.0,1,0
803548344266301489,21,2,12,9.57,20,1
557798315569042827,20,7,11,9.1,20,0
1312968116028206964,0,0,0,0.0,0,0
27623473,18,2,7,4.94,1,17
1090385180185773401,8,3,7,5.25,1,7
52478763,0,0,0,0.0,0,0
936694483969885999,0,0,0,0.0,0,0
45752967,2,2,2,2.0,0,2
1310846218980085612,0,0,0,0.0,0,0
1156289211265264924,1,5,5,5.0,0,1
830399935284879243,0,0,0,0.0,0,0
20010069,54,2,6,4.17,0,54
1123934609522994380,3,9,12,11.0,3,0
50363297,7,5,9,7.14,5,2
1308533850361348003,0,0,0,0.0,0,0
1081777324449254044,2,10,11,10.5,2,0
1081741862540496958,5,1,4,2.0,0,5
909193416692636026,0,0,0,0.0,0,0
974540282437605376,1,2,2,2.0,0,1
1163656981123552055,1,11,11,11.0,1,0
22668535,3,1,2,1.67,0,3
894698227099181747,1,10,10,10.0,1,0
699974,13,6,9,7.0,8,5
45070591,10,5,11,9.9,9,1
43342452,2,5,6,5.5,0,2
1221125652313942754,0,0,0,0.0,0,0
886639241436738929,2,2,3,2.5,0,2
8835847,0,0,0,0.0,0,0
39546940,12,3,6,4.42,0,12
43202218,16,3,12,9.25,14,2
1224048239757269291,2,3,3,3.0,0,2
1170146102770974122,3,2,8,6.0,2,1
1311661774790973649,0,0,0,0.0,0,0
578103213747267945,0,0,0,0.0,0,0
1101911206409845406,0,0,0,0.0,0,0
52566623,14,9,11,10.0,14,0
19352717,27,2,7,4.7,1,26
1174508058512341354,3,5,9,6.67,1,2
47724322,1,7,7,7.0,1,0
1168741097440351646,0,0,0,0.0,0,0
974703281340917443,0,0,0,0.0,0,0
963689736334084083,4,1,3,1.75,0,4
26453896,2,3,5,4.0,0,2
1300633687534006932,0,0,0,0.0,0,0
1112570095959790050,2,1,2,1.5,0,2
1191231238759174422,0,0,0,0.0,0,0
757934076918638057,12,3,7,4.92,1,11
51029366,17,1,3,1.29,0,17
27712150,0,0,0,0.0,0,0
1173741754746197361,3,6,7,6.33,1,2
1255903299376676144,0,0,0,0.0,0,0
51084342,2,2,2,2.0,0,2
34193640,10,1,2,1.2,0,10
913078053972099204,6,1,4,2.33,0,6
1178396598923861557,2,3,4,3.5,0,2
581677746890372555,4,1,4,2.0,0,4
1069001204539720621,0,0,0,0.0,0,0
51180562,22,6,12,9.95,21,1
40184755,6,2,6,4.17,0,6
15269734,0,0,0,0.0,0,0
931126310770080635,4,4,6,5.25,0,4
19292810,16,3,12,8.38,12,4
804323744820644508,0,0,0,0.0,0,0
919475401143743127,0,0,0,0.0,0,0
29177367,5,8,9,8.4,5,0
27725092,7,4,7,5.14,1,6
29647110,4,1,4,2.25,0,4
52116295,17,5,10,6.71,8,9
1305742609675642779,0,0,0,0.0,0,0
1139942009289541056,1,3,3,3.0,0,1
607167921127059946,11,8,12,10.09,11,0
42055487,4,1,2,1.25,0,4
672805876406054409,3,3,4,3.33,0,3
609907872964922029,0,0,0,0.0,0,0
25419828,24,2,6,4.33,0,24
5745302,15,3,8,6.8,10,5
1267231786325108037,0,0,0,0.0,0,0
1137486298059140477,1,10,10,10.0,1,0
623708833223447773,1,3,3,3.0,0,1
1268010024492325572,0,0,0,0.0,0,0
698314604514273767,0,0,0,0.0,0,0
19536551,1,6,6,6.0,0,1
1112543899345361951,3,2,3,2.33,0,3
619373963526577882,0,0,0,0.0,0,0
1121077554286562861,0,0,0,0.0,0,0
21132956,6,3,5,3.83,0,6
15476135,29,4,12,9.62,28,1
915780463533650904,14,4,8,5.36,2,12
1036657895563305711,0,0,0,0.0,0,0
13825644,0,0,0,0.0,0,0
1305638231588567651,0,0,0,0.0,0,0
1105910937144092033,1,6,6,6.0,0,1
646075279134812835,10,3,11,8.7,8,2
675860554545075359,0,0,0,0.0,0,0
625113304961236067,0,0,0,0.0,0,0
1117420100587450117,4,8,11,9.5,4,0
719227089695052587,3,3,4,3.33,0,3
640368131179936239,5,3,4,3.2,0,5
25160549,3,2,3,2.33,0,3
1298656102376629618,1,6,6,6.0,0,1
50245071,3,4,5,4.33,0,3
1028759622294091247,0,0,0,0.0,0,0
985297370535444415,2,2,6,4.0,0,2
1126805114063510891,1,2,2,2.0,0,1
731133801046569547,2,6,8,7.0,1,1
49900734,12,1,2,1.25,0,12
33918542,7,8,10,8.86,7,0
16420622,0,0,0,0.0,0,0
52063929,17,4,8,6.71,11,6
1110648538838842667,0,0,0,0.0,0,0
745358194701205785,1,4,4,4.0,0,1
920236025110149169,5,9,13,10.6,5,0
1189272189120540236,1,4,4,4.0,0,1
1092154730363019687,1,10,10,10.0,1,0
575442109736954688,4,4,9,7.0,3,1
52492292,16,7,12,9.62,16,0
41834616,1,5,5,5.0,0,1
981007692689739959,0,0,0,0.0,0,0
1064511770795911975,0,0,0,0.0,0,0
1315236765789891915,0,0,0,0.0,0,0
785548909045051238,1,9,9,9.0,1,0
1161460754054168853,0,0,0,0.0,0,0
32649918,36,1,2,1.25,0,36
48002664,17,1,5,3.18,0,17
1207333133986840657,0,0,0,0.0,0,0
1255671860734752267,0,0,0,0.0,0,0
1148531047214053576,0,0,0,0.0,0,0
21650426,39,3,7,5.0,3,36
1166526655598471871,1,3,3,3.0,0,1
1124359145308451746,6,2,7,5.0,2,4
1137680953372004137,0,0,0,0.0,0,0
884822858747411272,1,3,3,3.0,0,1
1177445332224847585,0,0,0,0.0,0,0
34070734,9,9,11,10.22,9,0
1150794394720460223,0,0,0,0.0,0,0
17854145,20,5,12,9.55,19,1
636508061931349005,22,3,6,4.68,0,22
49782166,11,4,6,4.73,0,11
45007204,1,10,10,10.0,1,0
52629367,5,2,6,4.2,0,5
1315236410618222648,0,0,0,0.0,0,0
1041842036920303806,0,0,0,0.0,0,0
30499377,0,0,0,0.0,0,0
35932441,25,3,12,10.04,24,1
891900968739055405,0,0,0,0.0,0,0
51496207,9,3,7,5.44,2,7
557591537225178054,2,5,6,5.5,0,2
1223258625432993953,0,0,0,0.0,0,0
45792001,1,1,1,1.0,0,1
598935493844048991,3,9,10,9.33,3,0
26383016,1,3,3,3.0,0,1
25473755,14,4,9,6.43,5,9
27246305,0,0,0,0.0,0,0
1127361572590899600,20,1,4,1.95,0,20
670695651090867174,5,6,8,7.0,4,1
21448741,4,7,9,8.0,4,0
1216566552752492943,0,0,0,0.0,0,0
1072416505012410848,0,0,0,0.0,0,0
1157871307312552440,0,0,0,0.0,0,0
38992791,1,2,2,2.0,0,1
1057114330724127354,1,9,9,9.0,1,0
1071714754317244604,0,0,0,0.0,0,0
39142021,10,3,6,4.7,0,10
1228999554472800105,2,10,11,10.5,2,0
1183161976976870322,0,0,0,0.0,0,0
43824542,26,3,7,4.81,1,25
33657359,38,5,12,9.79,37,1
39746159,0,0,0,0.0,0,0
20127481,15,2,7,4.93,1,14
630257240134004887,3,5,6,5.33,0,3
40593750,0,0,0,0.0,0,0
879574008092452267,0,0,0,0.0,0,0
891837290969185510,0,0,0,0.0,0,0
985531479320797993,1,8,8,8.0,1,0
1092858999049475950,1,9,9,9.0,1,0
41286760,3,3,4,3.67,0,3
1165844021912501920,3,1,3,1.67,0,3
14783890,0,0,0,0.0,0,0
1137434756050928763,0,0,0,0.0,0,0
763752176293458709,2,6,6,6.0,0,2
1094063,41,3,10,7.8,35,6
561710165367594248,0,0,0,0.0,0,0
996135411916009466,5,3,6,4.4,0,5
46466579,5,8,10,9.0,5,0
46217977,22,8,12,9.5,22,0
28903687,22,2,9,7.27,18,4
1149183412761475776,2,8,10,9.0,2,0
1304327619721879535,0,0,0,0.0,0,0
31564129,5,9,11,9.8,5,0
1210103333322424990,1,9,9,9.0,1,0
1126650208361748324,1,10,10,10.0,1,0
45294780,4,9,11,10.5,4,0
1305000637030261959,0,0,0,0.0,0,0
25510829,2,5,7,6.0,1,1
701931283000122291,2,10,12,11.0,2,0
1310030306651496879,0,0,0,0.0,0,0
1155795351272020531,0,0,0,0.0,0,0
1276170477684847999,0,0,0,0.0,0,0
847614734230658952,0,0,0,0.0,0,0
1130886816637678908,3,1,4,2.67,0,3
644655896666444120,3,4,8,6.0,1,2
1294792774092512258,0,0,0,0.0,0,0
841001350695927242,6,8,12,9.83,6,0
1244736195491262316,0,0,0,0.0,0,0
1288203833205747422,0,0,0,0.0,0,0
49475369,12,6,12,9.33,11,1
22669275,16,1,3,1.75,0,16
1304964298485007688,0,0,0,0.0,0,0
23194228,1,2,2,2.0,0,1
5854074,5,8,11,9.8,5,0
1232488244276388771,0,0,0,0.0,0,0
51384550,0,0,0,0.0,0,0
36144579,0,0,0,0.0,0,0
32253828,7,2,5,3.0,0,7
1086066794966508970,2,6,7,6.5,1,1
34716374,1,3,3,3.0,0,1
12122321,2,2,3,2.5,0,2
31852595,9,2,5,3.44,0,9
889771693973387268,4,5,8,7.0,3,1
815771863452056572,0,0,0,0.0,0,0
999371677471922944,3,1,2,1.33,0,3
578680159574635383,6,4,5,4.17,0,6
41168636,0,0,0,0.0,0,0
1188636411417905009,1,10,10,10.0,1,0
25795660,5,10,10,10.0,5,0
700619251979008195,4,7,9,7.75,4,0
1258443977224209972,0,0,0,0.0,0,0
33133598,2,3,4,3.5,0,2
1314454283497176455,0,0,0,0.0,0,0
1217355405496611963,0,0,0,0.0,0,0
17041622,73,4,12,9.53,70,3
21401494,5,2,3,2.6,0,5
1201311097557197860,5,9,12,10.0,5,0
974482919527905358,2,3,4,3.5,0,2
1042576034259508534,1,11,11,11.0,1,0
52485142,2,5,6,5.5,0,2
659847600560453930,12,8,12,10.17,12,0
1084551076257274060,2,3,5,4.0,0,2
42290551,0,0,0,0.0,0,0
41902771,14,4,7,5.21,1,13
33746831,15,1,4,2.73,0,15
828313202639947796,11,3,7,4.91,1,10
20187539,2,9,10,9.5,2,0
664149453360164065,0,0,0,0.0,0,0
13494666,15,2,12,8.47,11,4
29094945,19,2,6,4.84,0,19
1083319633552339499,2,4,6,5.0,0,2
1304326438478164752,0,0,0,0.0,0,0
31084151,2,7,8,7.5,2,0
22999163,2,8,10,9.0,2,0
46269458,0,0,0,0.0,0,0
806474611830083245,0,0,0,0.0,0,0
35561901,25,7,10,8.8,25,0
20807444,23,4,6,4.96,0,23
25254836,6,1,2,1.67,0,6
23482180,0,0,0,0.0,0,0
753306877449145714,12,3,7,4.58,1,11
52211216,17,5,9,6.88,11,6
54005607,19,2,4,2.95,0,19
792504291484288927,0,0,0,0.0,0,0
939758887060669710,0,0,0,0.0,0,0
1207750845279514479,0,0,0,0.0,0,0
27262,5,5,6,5.4,0,5
984568719035226798,0,0,0,0.0,0,0
27070285,8,6,8,7.38,7,1
1280381972433482627,1,2,2,2.0,0,1
1284715541429138559,0,0,0,0.0,0,0
31370797,3,1,2,1.67,0,3
1300567508759385648,0,0,0,0.0,0,0
908595577827504060,1,2,2,2.0,0,1
29269250,0,0,0,0.0,0,0
1163070138915334439,0,0,0,0.0,0,0
700668791279971316,5,4,6,5.2,0,5
32083132,32,3,7,5.09,3,29
1074578582834221143,0,0,0,0.0,0,0
549726626058545694,0,0,0,0.0,0,0
609878765979522737,4,3,10,7.25,3,1
1310745682556057888,0,0,0,0.0,0,0
1295489233500189428,0,0,0,0.0,0,0
24534164,0,0,0,0.0,0,0
658652947265669717,0,0,0,0.0,0,0
1265776312364161118,0,0,0,0.0,0,0
904004426681103650,0,0,0,0.0,0,0
1289233874893612833,0,0,0,0.0,0,0
1158491452261812234,0,0,0,0.0,0,0
902115390909144835,11,8,12,10.27,11,0
1019309102607237034,0,0,0,0.0,0,0
689519340057100382,1,3,3,3.0,0,1
1168820533815006992,2,3,3,3.0,0,2
41132726,0,0,0,0.0,0,0
1196528832332704212,3,8,11,9.67,3,0
15127417,7,6,10,7.86,6,1
1048613147983930730,2,10,10,10.0,2,0
1167581288524157262,0,0,0,0.0,0,0
28555237,3,5,5,5.0,0,3
877242585912776051,6,2,11,8.5,5,1
838757826391547288,0,0,0,0.0,0,0
795357531410891914,10,4,7,5.0,1,9
755492062307282714,0,0,0,0.0,0,0
948465814499644843,4,5,8,6.5,2,2
1191289139654366467,0,0,0,0.0,0,0
1282668118655834259,0,0,0,0.0,0,0
33566125,25,1,4,1.92,0,25
16936208,2,1,1,1.0,0,2
35719997,0,0,0,0.0,0,0
1018120193583436473,0,0,0,0.0,0,0
887473534028530749,12,3,8,5.25,2,10
39709705,0,0,0,0.0,0,0
573722467462301011,1,8,8,8.0,1,0
903571261334683130,2,2,3,2.5,0,2
757273537440856678,16,3,8,5.0,2,14
817199469392886680,10,2,6,4.9,0,10
42925977,0,0,0,0.0,0,0
30000239,7,2,6,4.29,0,7
1227995041955376586,0,0,0,0.0,0,0
988349132552133929,0,0,0,0.0,0,0
1112585509567034080,3,1,2,1.33,0,3
14667336,5,2,3,2.6,0,5
1139937447174687804,6,5,11,8.67,5,1
1254820574171504580,0,0,0,0.0,0,0
972601780391057926,1,4,4,4.0,0,1
671499955818916856,0,0,0,0.0,0,0
1117931790559465323,0,0,0,0.0,0,0
1311382353693735250,0,0,0,0.0,0,0
1174646806770323250,0,0,0,0.0,0,0
936155281261783379,3,3,7,4.67,1,2
899670415508001546,0,0,0,0.0,0,0
684030242504805559,11,4,7,5.27,3,8
942362836482298753,3,1,1,1.0,0,3
940334616428647498,0,0,0,0.0,0,0
44524818,23,3,6,4.96,0,23
709899751123853779,1,2,2,2.0,0,1
877546191348159004,0,0,0,0.0,0,0
19565923,1,8,8,8.0,1,0
1265003619966436095,0,0,0,0.0,0,0
1298542135637866852,0,0,0,0.0,0,0
920294661089807702,7,2,4,3.14,0,7
1010946070739199116,0,0,0,0.0,0,0
1062133713386975717,1,3,3,3.0,0,1
914346380074057482,3,4,12,9.0,2,1
41591321,35,3,12,9.57,34,1
1044120693747698562,1,7,7,7.0,1,0
624261185287905472,5,4,7,5.6,1,4
1193421459825906084,0,0,0,0.0,0,0
877385702923704341,1,4,4,4.0,0,1
7417715,6,2,4,3.0,0,6
1079563790248627522,1,8,8,8.0,1,0
1279660714143460664,0,0,0,0.0,0,0
767854722520789582,6,3,6,4.5,0,6
16895303,11,4,7,5.27,1,10
22621394,0,0,0,0.0,0,0
35281707,1,7,7,7.0,1,0
661959613458704712,3,9,12,10.33,3,0
30617520,2,4,5,4.5,0,2
775264762486189102,0,0,0,0.0,0,0
775937080067671782,0,0,0,0.0,0,0
875951960213861344,0,0,0,0.0,0,0
928014766735879843,0,0,0,0.0,0,0
22075076,0,0,0,0.0,0,0
22169128,20,3,7,4.7,1,19
29676744,22,5,9,6.91,14,8
33216190,30,3,7,4.87,1,29
1065285659473507960,0,0,0,0.0,0,0
1076620442221246867,0,0,0,0.0,0,0
31084530,6,1,3,2.0,0,6
9510598,10,3,7,5.3,2,8
835445094295225699,3,10,11,10.33,3,0
43574852,32,2,9,6.75,21,11
27651761,13,2,6,4.15,0,13
921009272325911578,0,0,0,0.0,0,0
1158488837622969265,0,0,0,0.0,0,0
22275934,24,8,11,9.38,24,0
31820075,0,0,0,0.0,0,0
51696957,15,5,9,7.33,11,4
45430301,0,0,0,0.0,0,0
1077742420370047848,0,0,0,0.0,0,0
28798473,4,3,6,4.5,0,4
35161479,5,4,6,5.0,0,5
978673782868207907,2,7,9,8.0,2,0
588947576302705048,0,0,0,0.0,0,0
749765193321036847,10,4,7,5.1,2,8
52958192,2,9,11,10.0,2,0
44800374,3,9,11,9.67,3,0
43493183,0,0,0,0.0,0,0
1170121823437663528,2,5,7,6.0,1,1
929061130750261457,2,10,11,10.5,2,0
47793095,0,0,0,0.0,0,0
23719774,11,7,11,9.45,11,0
808520716862864147,0,0,0,0.0,0,0
18790389,15,4,7,4.8,1,14
54005662,17,1,4,2.71,0,17
29124107,23,3,7,4.87,2,21
37074370,13,1,4,2.23,0,13
37958335,20,8,12,10.35,20,0
41895829,19,2,7,4.58,1,18
545536000830233683,23,4,10,7.78,22,1
1162235296111274092,4,4,5,4.75,0,4
1003521295080748856,3,1,3,1.67,0,3
50016276,25,3,9,6.76,18,7
828852200305622968,0,0,0,0.0,0,0
4072032,5,8,9,8.6,5,0
19686121,8,1,4,2.12,0,8
1066547119399261105,0,0,0,0.0,0,0
1062090972308700151,1,6,6,6.0,0,1
20938041,2,7,7,7.0,2,0
957776730949172346,2,5,5,5.0,0,2
849297721932440302,3,5,6,5.33,0,3
838208644277629825,1,3,3,3.0,0,1
45329104,20,2,8,5.3,4,16
912763953331622600,5,5,7,6.0,1,4
1284612876024814958,0,0,0,0.0,0,0
1023746189055522611,1,1,1,1.0,0,1
1160104193344018050,2,4,7,5.5,1,1
1248548521360214311,0,0,0,0.0,0,0
1316431392292648330,0,0,0,0.0,0,0
1152043991977573174,2,4,5,4.5,0,2
756333396060547420,0,0,0,0.0,0,0
23072513,3,3,4,3.67,0,3
1275888170126464446,0,0,0,0.0,0,0
696267754624052967,2,1,2,1.5,0,2
947736944002784524,0,0,0,0.0,0,0
53538406,9,3,5,4.0,0,9
31450371,33,1,3,1.52,0,33
817309144498651297,2,3,5,4.0,0,2
1147883730200786880,2,8,8,8.0,2,0
15539713,3,6,7,6.33,1,2
1172242664541544513,0,0,0,0.0,0,0
934008450279758966,5,4,7,5.2,1,4
1240648268788248657,0,0,0,0.0,0,0
685308281247072946,8,5,10,8.25,7,1
966631491302043857,1,10,10,10.0,1,0
50257357,4,4,7,5.5,1,3
1204963229232742856,0,0,0,0.0,0,0
45892559,3,5,8,6.67,2,1
607732569003933214,9,3,12,9.0,8,1
640541027715544609,21,2,12,9.48,20,1
1288325044498329522,1,5,5,5.0,0,1
1297730503260541984,0,0,0,0.0,0,0
1247991983100015216,0,0,0,0.0,0,0
1095386006029517191,0,0,0,0.0,0,0
1062393551208119715,10,8,11,9.4,10,0
1307259669842933692,0,0,0,0.0,0,0
691049956019479271,2,4,4,4.0,0,2
1018174520910374135,0,0,0,0.0,0,0
1134715861645470977,0,0,0,0.0,0,0
1299274407782175246,0,0,0,0.0,0,0
42112270,1,3,3,3.0,0,1
28417941,1,7,7,7.0,1,0
836348921476720165,0,0,0,0.0,0,0
1258659131092236156,0,0,0,0.0,0,0
50089055,0,0,0,0.0,0,0
32497056,1,1,1,1.0,0,1
43524526,1,7,7,7.0,1,0
41363725,3,6,7,6.67,2,1
1199225080194982578,0,0,0,0.0,0,0
53969471,1,1,1,1.0,0,1
618820065958102195,3,5,6,5.67,0,3
741735003375983815,1,1,1,1.0,0,1
1192833706432076280,0,0,0,0.0,0,0
31847373,10,3,5,3.4,0,10
22841087,7,3,6,4.86,0,7
950405719079333481,0,0,0,0.0,0,0
940302506330670829,0,0,0,0.0,0,0
1116500723249142048,0,0,0,0.0,0,0
35938711,12,4,11,8.83,11,1
1112582904343975325,1,2,2,2.0,0,1
50049716,5,3,5,4.0,0,5
44072521,6,7,9,7.83,6,0
34645268,15,8,13,10.53,15,0
1222192744968079940,0,0,0,0.0,0,0
18007029,33,1,5,2.82,0,33
973215266478253273,0,0,0,0.0,0,0
1148250674279539780,1,6,6,6.0,0,1
972910764384408819,0,0,0,0.0,0,0
1223566597957226325,0,0,0,0.0,0,0
1116732852266919302,0,0,0,0.0,0,0
14906089,41,3,6,4.78,0,41
1156315693989178314,0,0,0,0.0,0,0
670011316904002998,0,0,0,0.0,0,0
758720270693513670,3,3,5,4.0,0,3
1092698321633886743,1,9,9,9.0,1,0
17027238,42,3,10,6.5,22,20
1125180439026639448,1,6,6,6.0,0,1
23280962,16,5,9,6.81,9,7
39316508,0,0,0,0.0,0,0
26991750,0,0,0,0.0,0,0
50597429,9,7,9,7.89,9,0
1068973467594508548,0,0,0,0.0,0,0
1175465837194286983,0,0,0,0.0,0,0
30768647,5,2,4,2.6,0,5
35797926,28,2,6,3.86,0,28
852718025266835895,0,0,0,0.0,0,0
811437477846990694,0,0,0,0.0,0,0
31509474,28,1,3,1.39,0,28
803363140824265099,6,3,5,3.67,0,6
54005280,23,1,4,1.96,0,23
1085553109695292860,2,1,2,1.5,0,2
1126275114223188517,4,6,10,8.5,3,1
45893114,4,6,8,7.25,3,1
1109120804370871845,0,0,0,0.0,0,0
805534927759163778,14,3,6,4.86,0,14
1242754433105428936,0,0,0,0.0,0,0
594690702801567505,19,2,7,4.84,2,17
1105656252695191995,1,2,2,2.0,0,1
651058376021739999,5,1,3,2.2,0,5
25796759,9,4,7,4.78,1,8
1231754056229224582,0,0,0,0.0,0,0
2133917,39,1,3,1.87,0,39
1307922741800730045,0,0,0,0.0,0,0
53619270,1,6,6,6.0,0,1
906224741630082615,3,6,8,7.0,2,1
1242133507086840041,0,0,0,0.0,0,0
2973483,16,1,3,1.31,0,16
620626155104245928,0,0,0,0.0,0,0
16262260,20,1,3,1.2,0,20
1090328044708484740,1,9,9,9.0,1,0
30370024,13,9,12,9.92,13,0
14287680,48,3,6,4.83,0,48
1039808974182244444,0,0,0,0.0,0,0
1157075619945920454,0,0,0,0.0,0,0
1189108641313364804,0,0,0,0.0,0,0
885625960608894305,1,2,2,2.0,0,1
33174673,30,2,12,9.47,28,2
47135942,34,4,9,7.74,32,2
23841284,31,2,11,9.19,27,4
675004166535519984,2,7,9,8.0,2,0
758467671127619102,1,8,8,8.0,1,0
13621619,29,1,4,2.38,0,29
1036726164553020203,0,0,0,0.0,0,0
1299093329431155854,0,0,0,0.0,0,0
602094304130069549,0,0,0,0.0,0,0
1158705173346995785,0,0,0,0.0,0,0
1112572624297487370,3,1,2,1.67,0,3
766121318797453965,0,0,0,0.0,0,0
1045529835651785199,0,0,0,0.0,0,0
37048735,6,6,8,6.83,4,2
37245339,8,4,7,5.38,1,7
12846439,1,9,9,9.0,1,0
1208351095553225503,0,0,0,0.0,0,0
760237823323064479,6,1,4,1.83,0,6
770909052369325905,5,2,3,2.6,0,5
50722176,4,2,10,7.0,3,1
50964479,11,1,2,1.27,0,11
1231687228536217226,0,0,0,0.0,0,0
1214367726465380860,1,7,7,7.0,1,0
28925581,13,8,12,10.0,13,0
1165315934612688436,0,0,0,0.0,0,0
886918992897416285,0,0,0,0.0,0,0
1211401593163103463,0,0,0,0.0,0,0
1245455326345528988,2,7,7,7.0,2,0
49255155,0,0,0,0.0,0,0
46306672,2,8,9,8.5,2,0
43886401,0,0,0,0.0,0,0
1271620,1,9,9,9.0,1,0
1189691252427176848,2,9,10,9.5,2,0
883112226347991907,0,0,0,0.0,0,0
1253065538314704207,0,0,0,0.0,0,0
12525342,2,8,8,8.0,2,0
6276040,29,5,12,9.34,25,4
1135589529046336639,0,0,0,0.0,0,0
1156972702086530080,1,10,10,10.0,1,0
1180258228389248616,0,0,0,0.0,0,0
54018803,13,3,5,4.62,0,13
952640518015453932,7,1,4,2.14,0,7
653368823184970043,5,6,10,8.2,4,1
24366011,48,2,13,9.27,45,3
1290722862638589153,0,0,0,0.0,0,0
1197512759748048028,0,0,0,0.0,0,0
33607061,24,5,12,9.42,23,1
23160106,27,1,5,3.0,0,27
50453559,16,5,9,6.94,10,6
1198436920211993733,0,0,0,0.0,0,0
1146384443449467402,0,0,0,0.0,0,0
1144733775339689268,1,10,10,10.0,1,0
50769396,2,2,3,2.5,0,2
1149984081372772231,0,0,0,0.0,0,0
1227494894594239996,0,0,0,0.0,0,0
596719514901672947,23,2,6,3.78,0,23
996365517542752613,0,0,0,0.0,0,0
1006977766947706372,2,5,5,5.0,0,2
849188713206147175,0,0,0,0.0,0,0
52641686,3,1,2,1.33,0,3
1180862613142177900,1,8,8,8.0,1,0
44075028,2,9,9,9.0,2,0
1213006098022948302,0,0,0,0.0,0,0
33356801,3,1,2,1.67,0,3
1175966705814239856,0,0,0,0.0,0,0
40667922,16,1,3,1.81,0,16
25465763,22,3,7,4.64,1,21
1054462761929237083,3,7,10,8.33,3,0
867438578277849822,0,0,0,0.0,0,0
1256358899456858507,0,0,0,0.0,0,0
1065674306877947127,3,2,4,2.67,0,3
32084720,38,2,7,4.92,2,36
1068992001514740264,0,0,0,0.0,0,0
26666232,10,2,6,4.5,0,10
613507010491374782,10,4,7,5.4,2,8
852633272269973179,0,0,0,0.0,0,0
38289997,0,0,0,0.0,0,0
22865582,17,4,9,6.76,11,6
1296525188011393721,0,0,0,0.0,0,0
19156916,1,4,4,4.0,0,1
5196621,23,5,12,9.65,22,1
562157842706272931,3,8,11,9.67,3,0
1170741015906980529,2,1,2,1.5,0,2
44202236,0,0,0,0.0,0,0
50387075,3,1,3,2.0,0,3
572819648433285288,7,7,11,9.43,7,0
977974887274909881,0,0,0,0.0,0,0
1041981160570257250,7,3,7,5.43,1,6
21117343,4,5,7,6.0,1,3
42788974,1,9,9,9.0,1,0
1305131633380712481,0,0,0,0.0,0,0
1209341075180427072,1,4,4,4.0,0,1
1229753437568502399,0,0,0,0.0,0,0
1044331043947792538,0,0,0,0.0,0,0
1317701204168535833,0,0,0,0.0,0,0
1115790043391312892,0,0,0,0.0,0,0
557591956943131761,0,0,0,0.0,0,0
922618877973042535,1,2,2,2.0,0,1
1289713403695001257,0,0,0,0.0,0,0
1175404424977204697,0,0,0,0.0,0,0
40282916,6,1,4,2.33,0,6
1031707870299866601,0,0,0,0.0,0,0
1152045784276534157,0,0,0,0.0,0,0
25318478,38,5,12,9.87,36,2
786791465599981916,4,10,12,11.0,4,0
1247574069092963592,0,0,0,0.0,0,0
11566709,3,1,2,1.33,0,3
17713513,41,3,7,4.46,1,40
51341256,9,1,5,2.22,0,9
1166759348748515902,0,0,0,0.0,0,0
6468915,26,2,12,9.73,25,1
53147000,26,3,12,9.46,25,1
1305644958002675667,0,0,0,0.0,0,0
1231557944107133553,1,8,8,8.0,1,0
47793098,0,0,0,0.0,0,0
50201478,2,2,3,2.5,0,2
43542320,2,4,5,4.5,0,2
1147157661062418045,5,3,4,3.8,0,5
1081865188850463992,2,1,1,1.0,0,2
1206673190015189025,0,0,0,0.0,0,0
43734277,0,0,0,0.0,0,0
14822187,1,8,8,8.0,1,0
53712212,0,0,0,0.0,0,0
49411865,1,4,4,4.0,0,1
50128345,11,7,11,9.36,11,0
1252815905934353695,0,0,0,0.0,0,0
1233182557407826304,0,0,0,0.0,0,0
634704660351687858,1,1,1,1.0,0,1
671423252789511885,7,1,4,2.43,0,7
511705,0,0,0,0.0,0,0
968553772822341586,6,3,6,4.5,0,6
709295826341156880,0,0,0,0.0,0,0
1106436670827336403,0,0,0,0.0,0,0
49704703,11,2,6,4.82,0,11
631278824775423418,1,2,2,2.0,0,1
1107257384158610888,7,4,5,4.71,0,7
51437166,10,3,7,4.9,1,9
841871321942180605,12,3,7,4.83,1,11
14170111,17,6,10,8.41,15,2
1026656474516503763,7,2,4,2.71,0,7
683950936628569430,0,0,0,0.0,0,0
50208418,1,3,3,3.0,0,1
571876,41,3,9,6.93,27,14
704925904086916351,0,0,0,0.0,0,0
886286761856153931,0,0,0,0.0,0,0
923612242441523386,2,10,10,10.0,2,0
52999469,6,3,6,4.83,0,6
1194999704823313965,0,0,0,0.0,0,0
33956749,0,0,0,0.0,0,0
26237283,5,2,3,2.4,0,5
1289028832022817347,0,0,0,0.0,0,0
31397885,0,0,0,0.0,0,0
49579028,8,3,8,6.62,5,3
17825573,12,1,4,2.25,0,12
731565605054289053,7,2,9,7.14,6,1
7859388,45,2,9,6.64,26,19
1314311187044734048,0,0,0,0.0,0,0
640866781044105758,3,2,4,3.0,0,3
1114967500760375054,0,0,0,0.0,0,0
907663859948280886,1,4,4,4.0,0,1
775845562378658284,0,0,0,0.0,0,0
34436459,20,1,4,2.5,0,20
35399861,0,0,0,0.0,0,0
1185934559921711925,1,7,7,7.0,1,0
39244866,5,6,8,6.6,2,3
49766772,0,0,0,0.0,0,0
1287107447242329476,0,0,0,0.0,0,0
873094490660040955,1,8,8,8.0,1,0
904792033416274545,3,1,3,2.0,0,3
1122389868355770231,1,7,7,7.0,1,0
1279670071435635918,0,0,0,0.0,0,0
21169513,25,6,12,9.6,23,2
591945606083506328,20,5,12,9.8,19,1
674968163944554890,3,9,11,10.0,3,0
933916560124030480,0,0,0,0.0,0,0
946114202785111958,1,11,11,11.0,1,0
1284759279660321208,0,0,0,0.0,0,0
50572315,5,2,11,8.4,4,1
1183766907414400728,2,3,4,3.5,0,2
14359675,2,4,6,5.0,0,2
1112895864983113499,0,0,0,0.0,0,0
1202788470873389075,0,0,0,0.0,0,0
764606714617324925,3,10,10,10.0,3,0
1197611970982318202,1,2,2,2.0,0,1
6396516,34,3,7,5.06,4,30
1181223464160344146,0,0,0,0.0,0,0
45593177,24,3,10,7.71,21,3
1107698905871287168,4,8,10,9.5,4,0
1186058016083639952,2,11,11,11.0,2,0
18532919,0,0,0,0.0,0,0
53964702,0,0,0,0.0,0,0
30178142,8,2,4,3.0,0,8
1305622078506035685,0,0,0,0.0,0,0
592464198562425661,1,6,6,6.0,0,1
40876680,1,1,1,1.0,0,1
665593853518414913,9,1,3,2.0,0,9
1120850928402614049,0,0,0,0.0,0,0
617120700737664001,2,4,5,4.5,0,2
809874,12,2,4,3.25,0,12
1164853219339459183,2,4,6,5.0,0,2
776650056942133534,0,0,0,0.0,0,0
1192647491561861906,4,3,5,4.5,0,4
1170793572067880781,0,0,0,0.0,0,0
926092685117884818,0,0,0,0.0,0,0
34555804,3,2,3,2.67,0,3
661334182648642879,0,0,0,0.0,0,0
18544199,3,10,11,10.67,3,0
984474302921650664,2,3,4,3.5,0,2
1205629518310248298,3,10,11,10.67,3,0
51336317,2,6,9,7.5,1,1
1259861097545924976,0,0,0,0.0,0,0
821624606034375846,0,0,0,0.0,0,0
37845587,2,10,11,10.5,2,0
1143389046909241448,0,0,0,0.0,0,0
1183814154869503947,2,7,7,7.0,2,0
949875672439879430,6,9,11,10.33,6,0
1112255243647364899,0,0,0,0.0,0,0
1210573496614429620,0,0,0,0.0,0,0
826003901233872294,10,2,10,6.5,5,5
49869546,0,0,0,0.0,0,0
1062082493655685486,4,7,9,8.0,4,0
635873188515472993,1,9,9,9.0,1,0
1165358076395743856,0,0,0,0.0,0,0
668461078935171260,12,3,6,4.25,0,12
900280113802268360,3,8,11,9.0,3,0
883701048688496528,0,0,0,0.0,0,0
902160385071052677,5,1,4,2.4,0,5
1166096909185618723,1,12,12,12.0,1,0
19092335,13,8,12,10.08,13,0
651370872616857181,0,0,0,0.0,0,0
841322200246574644,1,4,4,4.0,0,1
1092244542313088658,0,0,0,0.0,0,0
1301294587971684683,0,0,0,0.0,0,0
945480700443041471,9,9,12,10.33,9,0
51257465,0,0,0,0.0,0,0
857046007375875179,0,0,0,0.0,0,0
1044778440132184419,7,6,9,7.86,6,1
4189994,14,3,6,4.79,0,14
23217957,44,2,12,9.7,39,5
1171465386168206482,0,0,0,0.0,0,0
1167519028661657153,0,0,0,0.0,0,0
43575242,12,1,5,2.58,0,12
1161324362760466934,0,0,0,0.0,0,0
819498845248237196,1,7,7,7.0,1,0
716351700648949101,3,7,8,7.33,3,0
52588577,0,0,0,0.0,0,0
1285323367954507587,0,0,0,0.0,0,0
44803617,0,0,0,0.0,0,0
1184679086650859284,5,4,7,4.8,1,4
48802214,11,1,4,2.0,0,11
15029864,9,8,10,9.22,9,0
22714490,17,1,3,1.76,0,17
22877437,45,2,8,5.02,3,42
1245672014916067076,0,0,0,0.0,0,0
903473600040210979,1,12,12,12.0,1,0
52161410,13,3,6,4.77,0,13
1183446413766960587,0,0,0,0.0,0,0
604739237981433673,4,1,2,1.5,0,4
880205134339044175,0,0,0,0.0,0,0
1291980684432000064,0,0,0,0.0,0,0
983713922906647138,0,0,0,0.0,0,0
1120854280608441496,5,4,6,4.6,0,5
867920191793801214,0,0,0,0.0,0,0
1171104702034802054,2,7,7,7.0,2,0
54356387,10,8,11,9.8,10,0
1306416643275015366,0,0,0,0.0,0,0
26405707,14,1,4,2.36,0,14
1273296814594172902,0,0,0,0.0,0,0
21132675,0,0,0,0.0,0,0
806358340602165298,1,6,6,6.0,0,1
42131209,35,1,6,2.91,0,35
1060826801426996905,7,4,10,8.29,6,1
1103657725867956417,4,1,4,2.75,0,4
54152489,14,4,12,9.57,13,1
795744782743091124,0,0,0,0.0,0,0
1281792595009204027,0,0,0,0.0,0,0
1197181463923112808,0,0,0,0.0,0,0
1209373952662205116,0,0,0,0.0,0,0
51711533,10,5,8,6.7,5,5
54107818,2,5,6,5.5,0,2
54401161,0,0,0,0.0,0,0
1240516511790980954,0,0,0,0.0,0,0
579024453928898916,1,6,6,6.0,0,1
1226026869221788372,0,0,0,0.0,0,0
886857364645455729,2,3,10,6.5,1,1
696926025062143450,3,2,3,2.33,0,3
1257759779171982787,0,0,0,0.0,0,0
1107122100910099109,0,0,0,0.0,0,0
1142558407326484269,1,10,10,10.0,1,0
30335955,6,8,9,8.5,6,0
43748180,1,1,1,1.0,0,1
831918988497342500,2,1,2,1.5,0,2
1241904114574374221,0,0,0,0.0,0,0
1141827114762671169,0,0,0,0.0,0,0
983375875528296413,2,10,11,10.5,2,0
1055287671266314323,0,0,0,0.0,0,0
1002151581156215823,4,4,6,5.25,0,4
28533268,14,6,10,7.86,13,1
583758358331480765,14,4,9,6.57,7,7
34921861,5,6,8,7.4,4,1
5464071,1,3,3,3.0,0,1
1178074532076671068,0,0,0,0.0,0,0
38159093,0,0,0,0.0,0,0
1234727214573087857,1,1,1,1.0,0,1
40366556,19,3,7,5.11,4,15
50313679,1,8,8,8.0,1,0
17041453,20,3,11,7.9,17,3
18144362,34,1,4,2.29,0,34
903425990600390486,0,0,0,0.0,0,0
42604578,13,6,8,6.85,9,4
928209767054261357,5,8,13,10.6,5,0
47899220,4,9,12,10.75,4,0
914140366425381593,0,0,0,0.0,0,0
36901843,0,0,0,0.0,0,0
960601951221681728,0,0,0,0.0,0,0
32200153,4,1,3,2.0,0,4
1041327487905028820,7,9,11,10.0,7,0
1310622749751608788,0,0,0,0.0,0,0
16705343,29,4,9,5.31,3,26
26543291,38,2,13,9.66,36,2
1115245648896967241,2,4,5,4.5,0,2
32463338,5,1,4,2.2,0,5
924479717384721413,2,7,8,7.5,2,0
658558438525949859,0,0,0,0.0,0,0
38175360,2,1,2,1.5,0,2
21248751,2,6,9,7.5,1,1
762241253846479425,13,4,8,6.38,5,8
1191838075726311413,1,4,4,4.0,0,1
1259459582075763891,0,0,0,0.0,0,0
37986581,13,1,5,3.38,0,13
845647990960733085,0,0,0,0.0,0,0
35612754,1,3,3,3.0,0,1
51517474,4,1,3,1.75,0,4
31011318,4,9,12,10.5,4,0
1082433868338675901,0,0,0,0.0,0,0
840985685801831638,2,1,2,1.5,0,2
50211049,7,9,12,10.29,7,0
43798389,10,3,10,8.5,9,1
972862661293828397,0,0,0,0.0,0,0
1191702817370101086,0,0,0,0.0,0,0
5676228,12,1,4,2.92,0,12
1236704666015892829,1,9,9,9.0,1,0
25910781,7,1,3,2.14,0,7
1311578033356502332,0,0,0,0.0,0,0
18304295,14,7,11,9.57,14,0
954388358657115537,2,4,6,5.0,0,2
914583146529105583,5,4,8,5.6,1,4
1028334006146198731,0,0,0,0.0,0,0
42086337,13,4,9,7.0,9,4
37274664,12,1,4,2.08,0,12
1209472047933392327,2,6,7,6.5,1,1
1189057008973067790,0,0,0,0.0,0,0
51486904,8,4,12,9.25,7,1
